{"count":1,"self":491.96810239999996,"total":3248.4819577999997,"children":{"AgentSendState":{"count":335617,"self":25.395502399999998,"total":182.2031127,"children":{"CollectObservations":{"count":1074032,"self":5.6961564,"total":5.6961565,"children":null},"CollectDiscreteActionMasks":{"count":1074032,"self":3.4262408,"total":3.4262406999999997,"children":null},"AgentInfo.ToProto":{"count":1074032,"self":9.4102351999999989,"total":147.68521289999998,"children":{"GenerateSensorData":{"count":1074032,"self":49.3747328,"total":138.274978,"children":{"RayPerceptionSensor.Perceive":{"count":2148064,"self":88.900243199999991,"total":88.9002438,"children":null}}}}}}},"DecideAction":{"count":335617,"self":2547.392512,"total":2547.3925483999997,"children":null},"AgentAct":{"count":335617,"self":26.229452799999997,"total":26.2737557,"children":{"AgentInfo.ToProto":{"count":272,"self":0.0049704,"total":0.0443036,"children":{"GenerateSensorData":{"count":272,"self":0.012055,"total":0.0393332,"children":{"RayPerceptionSensor.Perceive":{"count":544,"self":0.0272782,"total":0.0272782,"children":null}}}}}}},"AgentInfo.ToProto":{"count":3599,"self":0.0605555,"total":0.6434498,"children":{"GenerateSensorData":{"count":3599,"self":0.1995619,"total":0.5828943,"children":{"RayPerceptionSensor.Perceive":{"count":7198,"self":0.38333239999999996,"total":0.38333239999999996,"children":null}}}}}},"gauges":{"ShooterLearning2.CumulativeReward":{"count":3871,"max":103.8371,"min":-78.97571,"runningAverage":52.12697,"value":24.5977211,"weightedAverage":1.68720865}},"metadata":{"timer_format_version":"0.1.0","start_time_seconds":"1593105955","unity_version":"2019.3.4f1","command_line_arguments":"C:\\Program Files\\Unity\\Editor\\2019.3.4f1\\Editor\\Unity.exe -projectpath D:\/UnityProjects\/PracaLicencjacka -useHub -hubIPC -cloudEnvironment production -hubSessionId 42807ab0-b6ba-11ea-b524-13656744306f -accessToken c5zce3IJC6lMpD1jgrM3TXmJZQQC8Th1zgkKv_b-sl8007f","communication_protocol_version":"1.0.0","com.unity.ml-agents_version":"1.0.0-preview","scene_name":"Training","end_time_seconds":"1593109203"}}