{"count":1,"self":6460.6711808,"total":59985.3935744,"children":{"AgentSendState":{"count":1562667,"self":361.3394944,"total":3888.23456,"children":{"CollectObservations":{"count":14623570,"self":65.228512,"total":65.2285132,"children":null},"CollectDiscreteActionMasks":{"count":14623570,"self":53.229104,"total":53.229103699999996,"children":null},"AgentInfo.ToProto":{"count":10001088,"self":104.416992,"total":3408.4374436,"children":{"GenerateSensorData":{"count":10001088,"self":1284.0359936,"total":3304.0204541,"children":{"RayPerceptionSensor.Perceive":{"count":130014144,"self":2019.9843839999999,"total":2019.984419,"children":null}}}}}}},"DecideAction":{"count":1562667,"self":48287.2590336,"total":49082.3285135,"children":{"RayPerceptionSensor.Perceive":{"count":60092266,"self":795.06815999999992,"total":795.0681813,"children":null}}},"AgentAct":{"count":1562667,"self":547.405056,"total":547.4050532,"children":null},"AgentInfo.ToProto":{"count":15311,"self":0.35131779999999996,"total":6.7531754,"children":{"GenerateSensorData":{"count":15311,"self":2.4822092,"total":6.4018576,"children":{"RayPerceptionSensor.Perceive":{"count":199043,"self":3.9196484,"total":3.9196483,"children":null}}}}}},"gauges":{"behaviour.CumulativeReward":{"count":15311,"max":10.9750195,"min":-2.278,"runningAverage":-0.982555747,"value":-0.148000717,"weightedAverage":0.416413754}},"metadata":{"timer_format_version":"0.1.0","start_time_seconds":"1596024794","unity_version":"2019.3.4f1","command_line_arguments":"C:\\Program Files\\Unity\\Editor\\2019.3.4f1\\Editor\\Unity.exe -projectpath D:\/UnityProjects\/PracaLicencjacka -useHub -hubIPC -cloudEnvironment production -hubSessionId 765a2410-cfe9-11ea-a317-6f699c26c23e -accessToken e9fE7KVqYuJcHnOBi_KsmrdlJtEkwME8XYMr72ifVUM007f","communication_protocol_version":"1.0.0","com.unity.ml-agents_version":"1.0.0-preview","scene_name":"Training","end_time_seconds":"1596084780"}}